1,Ekaterina Vinokourova  the only daughter of Russian Foreign Minister Sergei Lavrov  spent    years in the U S  and studied political science at Columbia University and economics at London School of Economics  When are these  CYKA going to go back to their  MOTHERFUCKINGRUISSIA   https   t co ZnKCrDqaZz,,,,,,,,,,,,,,,,,,,,,,,,,,,,,,,,,,,,,
1,eye do naught want two hear it  cyka blyat,,,,,,,,,,,,,,,,,,,,,,,,,,,,,,,,,,,,,
1, eW fkgAM  GS xW  RWApodcast Cyka  Bro that s supper offensive  don t tell me you also call yourself Boris in some channels  Yes  You re dabbing too hard on the russians bro yeah sure  Also  dubs right  True mememan here ,,,,,,,,,,,,,,,,,,,,,,,,,,,,,,,,,,,,,
1, Cryptic Cyka hmmmmmmmmm women hmmm,,,,,,,,,,,,,,,,,,,,,,,,,,,,,,,,,,,,,
1, Cryptic Cyka that s a really good drawing man,,,,,,,,(  ),,,,,,,,,,,,,,,,,,,,,,,,,,,,,
1, Cryptic Cyka they knows her deal,,,,,,,,,,,,,,,,,,,,,,,,,,,,,,,,,,,,,
1,Teacher didnt wipe her off since friday  fridaynightfunkin https   t co EorHjtxHsI,,,,,,,,,,,,,,,,,,,,,,,,,,,,,,,,,,,,,
1, Aregularname Wait what does that mean ,,,,,,,,,,,,,,,,,,,,,,,,,,,,,,,,,,,,,
1,The things id let him do   https   t co gnZYv  tcq,,,,,,,,,,,,,,,,,,,,,,,,,,,,,,,,,,,,,
1, Cryptic Cyka on god  lt  ,,,,,,,,,,,,,,,,,,,,,,,,,,,,,,,,,,,,,
1,Yepyep  it is what it is  Cyka blyat,,,,,,,,,,,,,,,,,,,,,,,,,,,,,,,,,,,,,
1,nigellovesyou SOOOO OVERRATED FUCKING NOOB ALL GAMES AND MORE FOLLOWERS THAN ME CYKA BLYAT,,,,,,,,,,,,,,,,,,,,,,,,,,,,,,,,,,,,,
1,NamasteKikii Literally  it means  bitch   but idiomatically  it s used as a stand in for all sorts of expletives we d use in English   Google cyka for more  if you re interested ,,,,,,,,,,,,,,,,,,,,,,,,,,,,,,,,,,,,,
1, cykaart Niceeee  Congrats Cyka  You deserve it ,,,,,,,,,,,,,,,,,,,,,,,,,,,,,,,,,,,,,
1,If tagaan kog chance mag learn ug new language  I ll pick german or russian  Cyka Bahug Bylat,,,,,,,,,,,,,,,,,,,,,,,,,,,,,,,,,,,,,
1,DefenceU How sad and pathetic is Putin  that he needs help from China and mercenaries from Syria to attack Ukraine   What a little Cyka  Glory to Ukraine   ,,,,,,,,,,,,,,,,,,,,,,,,,,,,,,,,,,,,,
1, taliaa novaa cyka shut the fuck up  nm,,,,,,,,,,,,,,,,,,,,,,,,,,,,,,,,,,,,,
1,mfa russia  MFA Ukraine  RusembUkraine  OSCE  RF OSCE  RussiaUN  Dpol un  RusEmbUSA Looks like it was just gently placed there  No damage to ground or surrounding area  Cyka  nobody believes you ,,,,,,,,,,,,,,,,,,,,,,,,,,,,,,,,,,,,,
1,UN Americans lmao i say fuck shit ass cyka blyat on bird app all the time  its moreso i dont trust people whose first instinct when they see something they dislike is to rage about it  the working class needs leadership who can take a    sec pause and think     moves in advance ,,,,,,,,,,,,,,,,,,,,,,,,,,,,,,,,,,,,,
1,thank you yuri for teaching me a russian phrase today  I learnt cyka blyat means friendship,,,,,,,,,,,,,,,,,,,,,,,,,,,,,,,,,,,,,
1,All this cyka and no blyat,,,,,,,,,,,,,,,,,,,,,,,,,,,,,,,,,,,,,
1,I don t know Russian but cyka blyat https   t co TeX  mqmt ,,,,,,,,,,,,,,,,,,,,,,,,,,,,,,,,,,,,,
1,MarketRebels Sooner or later their game servers are gonna be full of kids screaming cyka blyat at each other ,,,,,,,,,,,,,,,,,,,,,,,,,,,,,,,,,,,,,
1,Cyka Blyattttt  katiewonn Hi friend my name is Maxward  Am   years and I really need your help please don t ignore my message  Please be can enough to WhatsApp me on this  number            Thank You,,,,,,,,,,,,,,,,,,,,,,,,,,,,,,,,,,,,,
1,Rogozin is your profile pic budget photoshopped  Cause your head is way to big and your a fat ass in your photos you cyka blyat   fake,,,,,,,,,,,,,,,,,,,,,,,,,,,,,,,,,,,,,
1,brokenboi    Get absolutely fucking owned you stupid Russian Putin supporting Nazi cunt  You post people blocking you but look who decided to deactivate now  Cyka blyat fucking melon https   t co F c hyWSyu,,,,,,,,,,,,,,,,,,,,,,,,,,,,,,,,,,,,,
1,BarackObama Eat that you cyka blyat ,,,,,,,,,,,,,,,,,,,,,,,,,,,,,,,,,,,,,
1,UberCSGO  TimJDillon He is in Kiev  fighting against cyka blyat,,,,,,,,,,,,,,,,,,,,,,,,,,,,,,,,,,,,,
1,gg fuck this shit game cyka  TooseFN,,,,,,,,,,,,,,,,,,,,,,,,,,,,,,,,,,,,,
1,elonmusk Will the challenge be a CS GO match  You could shout  Cyka Blyat  at him while teabagging his corpse ,,,,,,,,,,,,,,,,,,,,,,,,,,,,,,,,,,,,,
1,Cyka  What did you say   Cyka  What did you say   I don t like you  ,,,,,,,,,,,,,,,,,,,,,,,,,,,,,,,,,,,,,
1,eigenrobot if true  that s just  even more heartbreaking  ig  gen z russians on the front lines going  cyka blyat to all this  only to have a line of surly mercenaries prodding them forward Or Else makes me even more upset at putin forcing all this  he s hurting everybody,,,,,,,,,,,,,,,,,,,,,,,,,,,,,,,,,,,,,
1,TsybulskaLiubov Cyka Blyat give me sugar or you die,,,,,,,,,,,,,,,,,,,,,,,,,,,,,,,,,,,,,
0,"144, TheRealMurban  LunaOi VN Another whitoid  lmao ",,,,,,,,,,,,,,,,,,,,,,,,,,,,,,,,,,,,,
0,"145, Markus      redmenace      LunaOi VN Its funny how his fanbase is      privillaged whites  lmao ",,,,,,,,,,,,,,,,,,,,,,,,,,,,,,,,,,,,,
0,"146,Srf and J leave Xtreme Gaming https   t co YtZDLys Ii  They will be replaced by old eLeVeN and lou   Dota   Esports https   t co p sQaPYYP ",,,,,,,,,,,,,,,,,,,,,,,,,,,,,,,,,,,,,
0,"147,Srf and J leave Xtreme Gaming  They will be replaced by old eLeVeN and lou   Dota   Esports  https   t co cIMRvW zCI",,,,,,,,,,,,,,,,,,,,,,,,,,,,,,,,,,,,,
0,"148,DPC CN  PWRD DOTA  is underway     BETNOW   https   t co BaGeWdolPu  WATCHNOW   Tune into DPC CN at the locations below   CN  https   t co EAjsXS grJ EN  https   t co zJQ cntzh  RU  https   t co M EJYZxTZg ES  https   t co mVEotcdfwP PT  https   t co ulFhUSSGDb   GOGAWI  Esports https   t co w KdZYpmot",,,,,,,,,,,,,,,,,,,,,,,,,,,,,,,,,,,,,( )
0,"149,ME  I d will tell every lane so I afk at the most defining quality is sitll king  and uh  apm ah  i don t like a picture",,,,,,,,,,,,,,,,,,,,,,,,,,,,,,,,,,,,,
0,God damn  Only at dota team down and between the bounty hunter hero  Tinker  ME  Ursa is trying to the specators flame as,,,,,,,,,,,,,,,,,,,,,,,,,,,,,,,,,,,,,
0,P ENewsOfficial But the good news if Axieinfinity will not depend anymore in bitcoin and ethereum  by there own network and block chain Ronin   RON will beat BTC and ETH in the future  with Triple A games like Diablo Nft and Dota Nft  under Sky Mavis Games ,,,,,,,,,,,,,,,,,,,,,,,,,,,,,,,,,,,,,
0,"2, LandsharkRides did u ever try dota  ",,,,,,,,,,,,,,,,,,,,,,,,,,,,,,,,,,,,,
0,"3, TeamSMG VS  OBesportsxN onEsports    DOTA   prediction  https   t co hFZdq emzF After a major upset against T       ",,,,,,,,,,,,,,,,,,,,,,,,,,,,,,,,,,,,,
0,"4,Other Files Photographs Valve Tours Dota   Reddit Community Tour         jpg Found in folder  https   t co DMAKQRQeMK https   t co y Sg UoCIt",,,,,,,,,,,,,,,,,,,,,,,,,,,,,,,,,,,,,
0,"5,Dota is for strong lads  we know where the weaks are  Even herald got it s own stupid pride",,,,,,,,,,,,,,,,,,,,,,,,,,,,,,,,,,,,,
0,"6,dota girl SLAYYYY    BNSJEJEvility    ",,,,,,,,,,,,,,,,,,,,,,,,,,,,,,,,,,,,,
0,"7,I am not and dota   bopper     Casey",,,,,,,,,,,,,,,,,,,,,,,,,,,,,,,,,,,,,
0,"8, JoeHickson  Congratulations Joe  You ve been an amazing addition to the Yogs both in front and behind the camera  Looking forward to what else you bring and of course more scrub Dota  ",,,,,,,,,,,,,,,,,,,,,,,,,,,,,,,,,,,,,
0,"9,GOOOOW DOTA GIRL    ",,,,,,,,,,,,,,,,,,,,,,,,,,,,,,,,,,,,,
0,"10, CalebDMTG I play Dota with my friends who are almost all more experienced than me  so this is my main mode of interacting with the game  It s definitely a good way to learn      I would like to win my lane a little more often though    ",,,,,,,,,,,,,,,,,,,,,,,,,,,,,,,,,,,,,
0,"11,I ll never have but the first time I saw it I loved it  Ogre Jakiro   dota   illustration  fantasy  art https   t co ep   C  EL",,,,,,,,,,,,,,,,,,,,,,,,,,,,,,,,,,,,,
0,"12,    Logo done  streamer  smallstreamer  twitch  discord  gaming  youtube  pubg  dota   counterstrike  animation  worldofwarcraft  twitchsmallstreamers  twitchaffilate  naruto  callofduty  logo  logodesigner  pok mon  apexlegends  leagueoflegends  rocketleague  minecraft  dota https   t co iWMBRrfVKG",,,,,,,,,,,,,,,,,,,,,,,,,,,,,,,,,,,,,
0,"13, TNCPredator VS  BOOMEsports    DOTA   prediction  https   t co FbjJNlQZPD TNC Predator has yet to put a strong    ",,,,,,,,,,,,,,,,,,,,,,,,,,,,,,,,,,,,,
0,"14,DOTA  Dragon s Blood Book   delayed  but here s when it comes out https   t co UH YW JRHX",,,,,,,,,,,,,,,,,,,,,,,,,,,,,,,,,,,,,
0,"15, Nerdrotics  HAWTToys  there is hope https   t co Q qTy WjFg",,,,,,,,,,,,,,,,,,,,,,,,,,,,,,,,,,,,,
0,"16, actualaids  Imagine rating league higher then Dota though",,,,,,,,,,,,,,,,,,,,,,,,,,,,,,,,,,,,,
0,"17,  NatTea How now Dota is filled with models ",,,,,,,,,,,,,,,,,,,,,,,,,,,,,,,,,,,,,
0,"18,Try not to Rage    DOTA   Edition     Affiliate  MOBA  DOTA   Smallstreamers  Twitch",,,,,,,,,,,,,,,,,,,,,,,,,,,,,,,,,,,,,
0,"19, XSan    U should try Dota",,,,,,,,,,,,,,,,,,,,,,,,,,,,,,,,,,,,,
0,"20,dota    valo    eat    sleep    ",,,,,,,,,,,,,,,,,,,,,,,,,,,,,,,,,,,,,
0,"21,    th Grim Max Play   Dota     Nemiga ML vs V Gaming           u max  been unlucky with dota  lately with these chokes and bs  so bol to us if you re tailing    live in less than an hr  GamblingTwitter https   t co kzRnf fZ a",,,,,,,,,,,,,,,,,,,,,,,,,,,,,,,,,,,,,
0,"22,Wanna rank with actual humans instead of bots    We picked out some Dota gamepals from our platform for you to game with      Junejun     itstheLzy     Bambi   Piggy  Head to https   t co B  Hyoc  N to check out their profiles and see which of them suits your laning style  https   t co BtS HBpnh ",,,,,,,,,,,,,,,,,,,,,,,,,,,,,,,,,,,,,
0,"23, TeaGuvnor At least you make money from dota xDD clown",,,,,,,,,,,,,,,,,,,,,,,,,,,,,,,,,,,,,
0,"24,Not gonna lie    Just Dance is the most sweaty game    Its even more sweaty that Apex  Valo  LOL and DOTA combined   ",,,,,,,,,,,,,,,,,,,,,,,,,,,,,,,,,,,,,
0,"25,If he doesn t comment  then  https   t co kyvBGWmY P   gaming  news  gamer  australia  gamers  love  esports  sydney  gta   blogger  csgo  blog  pubg  movies  overwatch  photography  pcgamer  trailer  dota   trailers https   t co  NZVNNvQ F",,,,,,,,,,,,,,,,,,,,,,,,,,,,,,,,,,,,,
0,"26, budd E I hate dota   btw",,,,,,,,,,,,,,,,,,,,,,,,,,,,,,,,,,,,,
0,"27, budd E Dota         hours",,,,,,,,,,,,,,,,,,,,,,,,,,,,,,,,,,,,,
0,"28,I stream on  Twitch to meet and talk with people who love games and Dota  Subs don t matter  but viewers  amp  chatters do      Some  DOTA  games   Some singleplayer games   Have some new guide changes to announce      p   FPS   https   t co  dtR tqaXe  https   t co  dtR tqaXe",,,,,,,,,,,,,,,,,,,,,,,,,,,,,,,,,,,,,
0,"29,is dota   a real game",,,,,,,,,,,,,,,,,,,,,,,,,,,,,,,,,,,,,
0,"30, LShinyang  G Dezignful  slimsquid Plus     to     second response time for human reflexes for a player on mouse vs   second for a CPU to talk to itself for aim assist tracking  Shroud measured his response time at     milliseconds one day  That s over     of a second  Perspective  That s like a mini stun in DotA ",,,,,,,,,,,,,,,,,,,,,,,,,,,,,,,,,,,,,
0,"31,I am them and dota   dota       Casey",,,,,,,,,,,,,,,,,,,,,,,,,,,,,,,,,,,,,
0,"32,Farm Status by trash bags  arbitrarily sorting the two entirely immeasurable concepts  silenced ",,,,,,,,,,,,,,,,,,,,,,,,,,,,,,,,,,,,,
0,"33,  xtoki  u can theory craft more on dota  league has faster games tho",,,,,,,,,,,,,,,,,,,,,,,,,,,,,,,,,,,,,
0,"34,DPC         Season    HellRaisers and Team Spirit continue their victorious march and other results of the past days https   t co iWQWflX nj  Let s see what was the memory of yesterday s gaming day in the first DPC cycle   Dota   Esports https   t co NSkey eTwX",,,,,,,,,,,,,,,,,,,,,,,,,,,,,,,,,,,,,
0,"35,DPC         Season    HellRaisers and Team Spirit continue their victorious march and other results of the past days  Let s see what was the memory of yesterday s gaming day in the first DPC cycle   Dota   Esports  https   t co Bc VtI iQt",,,,,,,,,,,,,,,,,,,,,,,,,,,,,,,,,,,,,
0,"36, dota   FirecudaSSD  SeagateGaming  Team Empire     VirtusPro   DPC EEU         Tour    Division I  Tournament overview  https   t co  iWHxz IfE https   t co OG qMIVElo",,,,,,,,,,,,,,,,,,,,,,,,,,,,,,,,,,,,,
0,"37, dota   FirecudaSSD  Stats of the second game https   t co  bseNwZVZp",,,,,,,,,,,,,,,,,,,,,,,,,,,,,,,,,,,,,
0,"38,Imma cry    Yea  it s just the first rank  But I ve only been playing a very short amount of time and there are people who play for literal decades and never make it out of Herald rank    And my Dota has been CLEAN https   t co yEJRuyQqSp",,,,,,,,,,,,,,,,,,,,,,,,,,,,,,,,,,,,,
0,"39, yammy xox What happened to Dota  You sicken me  ",,,,,,,,,,,,,,,,,,,,,,,,,,,,,,,,,,,,,
0,"40, GreatNairobien Ni back lakini Inkaa front this is a mumbis dota",,,,,,,,,,,,,,,,,,,,,,,,,,,,,,,,,,,,,
0,"41,There can never be too much sacrifice   Elder Titan Dota",,,,,,,,,,,,,,,,,,,,,,,,,,,,,,,,,,,,,
0,"42,I am not dota   i am dingo     Casey",,,,,,,,,,,,,,,,,,,,,,,,,,,,,,,,,,,,,
0,"43, subtynderrfess Tahan game berat g  Main dota  dead by daylight  valorant ",,,,,,,,,,,,,,,,,,,,,,,,,,,,,,,,,,,,,
0,"44,    Our first match of this year turns into a victory over Team Empire    Dota   DPCEEU  GOGOVP https   t co  ngnn Iip ",,,,,,,,,,,,,,,,,,,,,,,,,,,,,,,,,,,,,
0,"45, MWinklerBooks Anywhere from     months depending on how dense it is and how fast you re trying to get it done lol  I ve done a few longer ones in one month  but the most common was   for full length novels  Also I did like how you did it for DOTA of that helps ",,,,,,,,,,,,,,,,,,,,,,,,,,,,,,,,,,,,,
0,"46,Steelseries DOTA   amp amp  NAVI  Need custom   Cp   Bandar mousepad             https   t co  mZ VncmnQ   mousepad",,,,,,,,,,,,,,,,,,,,,,,,,,,,,,,,,,,,,
0,"47, SuperPOG  You can take the man out of dota  but you can t take the Dota out of the man  ogesports  anadota  ",,,,,,,,,,,,,,,,,,,,,,,,,,,,,,,,,,,,,
0,"48,mik   if you play apex  ovw  valorant  dota you re instantly below a     oh  i play all of them LMFAO",,,,,,,,,,,,,,,,,,,,,,,,,,,,,,,,,,,,,
0,"49, DESTROY IT WITH FIRE    https   t co hMMF  WmuE  No more chance of the mistake   COOLGUYS will face Hydra today  The winner of this battle will move forward  The loser will be eliminated from D CL     coolguysgg        HYDRA        dota   Esports  GoGoCoolguys https   t co NKCPJLJsLW",,,,,,,,,,,,,,,,,,,,,,,,,,,,,,,,,,,,,
0,"50,DOTA  Davion and Princess Mirana are ready to return in Book Two https   t co ZGmdAw EJG",,,,,,,,,,,,,,,,,,,,,,,,,,,,,,,,,,,,,
0,"51,D CL playoff match between NaVi and CIS Rejects postponed https   t co lVuDYHEsZR  The CIS derby for reaching the final of the upper bracket will take place tomorrow   Dota   Esports https   t co h nSmtAaXE",,,,,,,,,,,,,,,,,,,,,,,,,,,,,,,,,,,,,
0,"52,D CL playoff match between NaVi and CIS Rejects postponed  The CIS derby for reaching the final of the upper bracket will take place tomorrow   Dota   Esports  https   t co IiZQCWHJcI",,,,,,,,,,,,,,,,,,,,,,,,,,,,,,,,,,,,,
0,"53, Revedge  Dota   Tidehunter  VideoGames  Games  It is great when you are a huge Tidehunter   See new videos on YouTube  https   t co YjIcREkjZM https   t co wbBtFbReTT",,,,,,,,,,,,,,,,,,,,,,,,,,,,,,,,,,,,,
0,"54,I think I ve experienced peak dota  in which my game crashes for   minutes  reconnect only to have a teammate tell me that I should have stayed AFK to then carrying the entire game with my cool presence",,,,,,,,,,,,,,,,,,,,,,,,,,,,,,,,,,,,,
0,"55,dota isnt game  dota so inspired to be toxic in rl https   t co sWMVKKOXC ",,,,,,,,,,,,,,,,,,,,,,,,,,,,,,,,,,,,,
0,"56,Have Q amp A up on Instagram if you want to ask something about production  Dota or tech in general    https   t co of U IheSr",,,,,,,,,,,,,,,,,,,,,,,,,,,,,,,,,,,,,
0,"57, Valherjar  Kill rMan ac  SMITEGame  HiRezStudios Not only thst but smite doesn t make enough money like LoL or Dota  ",,,,,,,,,,,,,,,,,,,,,,,,,,,,,,,,,,,,,
0,"58, dota   Drafts for the second game  Stream RU  https   t co s iyUtb jp Stream ENG  https   t co  Ld ruNZu  https   t co f zOWzo hI",,,,,,,,,,,,,,,,,,,,,,,,,,,,,,,,,,,,,
0,"59, bryndota  forthecubs Breaking  dataminers unveil new Dota   hero  the Puppetmaster",,,,,,,,,,,,,,,,,,,,,,,,,,,,,,,,,,,,,
0,"60,Dota   Champions League Season    Brame leave the tournament in  th  th place  Entities move on   Dota   Esports  https   t co  FYFHTQssi",,,,,,,,,,,,,,,,,,,,,,,,,,,,,,,,,,,,,
0,"61,What do you think of this look  https   t co ommIFBPqrG   gaming  news  gamer  australia  gamers  love  esports  sydney  gta   blogger  csgo  blog  pubg  movies  overwatch  photography  pcgamer  trailer  dota   trailers https   t co C D nztXef",,,,,,,,,,,,,,,,,,,,,,,,,,,,,,,,,,,,,
0,"62,Nice trivia questions  DOTA    dota   Gaben https   t co Tyh QuRZKp",,,,,,,,,,,,,,,,,,,,,,,,,,,,,,,,,,,,,
0,"63,Dota   Champions League Season    Brame leave the tournament in  th  th place https   t co qpCrVyEWwZ  Entities move on   Dota   Esports https   t co cAB  o  ti",,,,,,,,,,,,,,,,,,,,,,,,,,,,,,,,,,,,,
0,"64, CrazyMadNoob  valvesoftware  DOTA   wykrhm actually Valve makes u spend more money on Dota buying battlepass   dota  and other things and u get nothing from Valve especially if u report a smurf youll never get a notification that he got banned",,,,,,,,,,,,,,,,,,,,,,,,,,,,,,,,,,,,,
0,"65,IN ICE AND A Game Where the enemy mid than pudge players my  Out of hack to last    minutes so much like winning games  to",,,,,,,,,,,,,,,,,,,,,,,,,,,,,,,,,,,,,
0,"66,   Dota     Top streams a las        Hora ESP        DEsports Viewers        GKiev Viewers        Alebellame Viewers       krugue gg Viewers       darcknezero Viewers       chalomoreno Viewers      Twitch  Streamers  Dota ",,,,,,,,,,,,,,,,,,,,,,,,,,,,,,,,,,,,,
0,"67, caspercadiaN  CSGO  BLASTPremier valve never looks into csgo  there s this one poor guy on the minimal pay doing all of the patches  the rest is assigned to dota",,,,,,,,,,,,,,,,,,,,,,,,,,,,,,,,,,,,,
0,"68,Ergon will replace Iceberg in the match against https   t co PGkPOUbVDx https   t co ewRbw   xL  The central position in Team Empire is not calm again   Dota   Esports https   t co  SKS uSIwu",,,,,,,,,,,,,,,,,,,,,,,,,,,,,,,,,,,,,
0,"69,Ergon will replace Iceberg in the match against https   t co   Am VsB    The central position in Team Empire is not calm again   Dota   Esports  https   t co zmkpFjOit ",,,,,,,,,,,,,,,,,,,,,,,,,,,,,,,,,,,,,
0,"70,I miss Dota     ",,,,,,,,,,,,,,,,,,,,,,,,,,,,,,,,,,,,,
0,"71, xmaddiemoonx I ve not played dota   in almost    years but I miss the broken english allchat flame so much  it just doesnt hit the same in other games",,,,,,,,,,,,,,,,,,,,,,,,,,,,,,,,,,,,,
0,"72, redditdota   DOTA  And we all know what Lion is actually wishing him all the good  this is just how we dota people communicate ",,,,,,,,,,,,,,,,,,,,,,,,,,,,,,,,,,,,,
0,"73, dota   FirecudaSSD  Stats of the first game https   t co opHyMB  bH",,,,,,,,,,,,,,,,,,,,,,,,,,,,,,,,,,,,,
0,"74, MaxTutelage  RichardHanania They dont  People do look better in suits than in t shirts with spartan helmets ",,,,,,,,,,,,,,,,,,,,,,,,,,,,,,,,,,,,,
0,"75,The schedule for the final two weeks of DPC CN is available now  Who will come out on top  and which matchups are you most looking forward to   https   t co ruyHm eMZH https   t co KDKOxyO ah",,,,,,,,,,,,,,,,,,,,,,,,,,,,,,,,,,,,,
0,"76,flame in dota   is insane https   t co g hVpEYvvP",,,,,,,,,,,,,,,,,,,,,,,,,,,,,,,,,,,,,
0,"77, Tinkzorg Can t wait for CoH  to basically be dota because nobody in the industry can make an rts anymore",,,,,,,,,,,,,,,,,,,,,,,,,,,,,,,,,,,,,
0,"78, StudioMir      YuriLowenthal  larapulver  TonyTodd    TroyBakerVA  KariWahlgren  AlixWiltonRegan  thejbblanc  NetflixGeeked  DOTA  Guys I love that Terrorblade s emoji is kind of an angry  purple cat ",,,,,,,,,,,,,,,,,,,,,,,,,,,,,,,,,,,,,
0,"79, LongoLife  Lol baba game tbh  mein post ist nur ein uralter dota joke wegen der  deny  mechanic in dem game",,,,,,,,,,,,,,,,,,,,,,,,,,,,,,,,,,,,,
0,"80,I have so many cool games to play  yet I keep wasting my time with  dota  https   t co hbCUHPU QR",,,,,,,,,,,,,,,,,,,,,,,,,,,,,,,,,,,,,
0,"81, tatatatyler  neveesque  dip n dotson  Tyler Dota   ChilcuttCaleb We make it easy to ignore the truth  Pretty sure that s what the church has been conditioning you to do since you were born   ",,,,,,,,,,,,,,,,,,,,,,,,,,,,,,,,,,,,,
0,"82,  Top juegos a las        Hora ESP      League of Legends Viewers            Escape from Tarkov Viewers            Just Chatting Viewers             Dota   Viewers            Apex Legends Viewers           Twitch  Streamers  LeagueofLegends  EscapefromTarkov",,,,,,,,,,,,,,,,,,,,,,,,,,,,,,,,,,,,,
0,"83,Without any trouble we take the first map against Empire    Waiting for the next one      https   t co n RMI gX      https   t co toluXxnx c   Dota   DPCEEU  GOGOVP https   t co mx txkoSyD",,,,,,,,,,,,,,,,,,,,,,,,,,,,,,,,,,,,,
0,"84,You wanna play Dota    Fuck that  let s play Adventure Time  Battle Party",,,,,,,,,,,,,,,,,,,,,,,,,,,,,,,,,,,,,
0,"85,Ready for some dota  support life is easy  https   t co wqSLZnt vg https   t co AuFP xdLzQ",,,,,,,,,,,,,,,,,,,,,,,,,,,,,,,,,,,,,
0,"86,GGandalf        here it is     MessagePartyApp",,,,,,,,,,,,,,,,,,,,,,,,,,,,,,,,,,,,,
0,"87,didnt like dota as much but that was because i was into csgo fps games and mmorpg games  but i downloaded league bc i cant play valorant on my laptop and i actually had fun  ",,,,,,,,,,,,,,,,,,,,,,,,,,,,,,,,,,,,,
0,"88,just had fun playing league and this is my first time trying this game  i did play dota in my childhood   want a grp of friends to play ranked casually    https   t co SYWWJUD VX",,,,,,,,,,,,,,,,,,,,,,,,,,,,,,,,,,,,,
0,"89, calavandi  valvesoftware  DOTA   wykrhm i report and report and report     one day  volvocars  will do something",,,,,,,,,,,,,,,,,,,,,,,,,,,,,,,,,,,,,
0,"90, ImmortalFaithd  DOTA   DreamHackDota Now valve has addressed this with an update  you should clarify  or even apologize  for your misleading description  You know twitch chat are dumb and now they are calling    a cheater scripting person",,,,,,,,,,,,,,,,,,,,,,,,,,,,,,,,,,,,,
0,"91, Jasinsa  valvesoftware  DOTA   wykrhm very sad   ",,,,,,,,,,,,,,,,,,,,,,,,,,,,,,,,,,,,,
0,"92,Fair    Works for me cause I only play Dota  https   t co   JXdVHOXW",,,,,,,,,,,,,,,,,,,,,,,,,,,,,,,,,,,,,
0,"93, HANCOCK XDXD  Spideraxe   where is fucking corki  they need to update his vgu too  he looks like he escaped dota and lost himself in runeterra and just gave up",,,,,,,,,,,,,,,,,,,,,,,,,,,,,,,,,,,,,
0,"94,Our  API is providing     Esports matches today    Counter Strike GO  Dota    League of Legends  Overwatch  Rocket League  StarCraft    Valorant and more  Sharing of    games with more than      matches per month from the best  Esport data provider and betting API  ",,,,,,,,,,,,,,,,,,,,,,,,,,,,,,,,,,,,,
0,"95,Hey  DOTA   wykrhm  tvidotto visual bugs    Void Claszureme Incursion set   Has a floating green orb beside the weapon similar to default weapon particle   PA Valkyrie s Shade set   Has the shadow from her default skin s shoulder pieces  https   t co MBbxkadGpL",,,,,,,,,,,,,,,,,,,,,,,,,,,,,,,,,,,,,
0,"96,If your fav  dota  melee hero was ranged  and vice versa  what would their weapons styles be instead ",,,,,,,,,,,,,,,,,,,,,,,,,,,,,,,,,,,,,
0,"97, dota   Drafts for the first game  Stream RU  https   t co g LEUMLgaC Stream ENG  https   t co wKvyv   HL https   t co ynSAx Cu Q",,,,,,,,,,,,,,,,,,,,,,,,,,,,,,,,,,,,,
0,"98,Dota   community in a nutshell        mydota   mydota net  dota love  dota meme  dota memes  dota player  dota highlights  dota girls  dota moments  dota russia https   t co  j i dy Wg",,,,,,,,,,,,,,,,,,,,,,,,,,,,,,,,,,,,,
0,"99,play and earn  yeah thats the way  I play dota    amp      sony games  nintendo games  ML   COD but none of them give me oppurtunity to earn for playing their games  https   t co JHfQ TVad ",,,,,,,,,,,,,,,,,,,,,,,,,,,,,,,,,,,,,
0,"100, G esports  LogitechGesport getting as good in dota as my colleagues",,,,,,,,,,,,,,,,,,,,,,,,,,,,,,,,,,,,,
0,"101,gamer boys are so cute until they start explaining DOTA   ",,,,,,,,,,,,,,,,,,,,,,,,,,,,,,,,,,,,,
0,"102,just another day of being bad at dota   the video game https   t co pxevJxZU t",,,,,,,,,,,,,,,,,,,,,,,,,,,,,,,,,,,,,
0,"103, Alpe    CR Dota  is using crowdfunding for years and it works just fine  around    million dollar each year    Donating should have advantages like getting some in game emotes  gems  gold or whatever ",,,,,,,,,,,,,,,,,,,,,,,,,,,,,,,,,,,,,
0,"104,Ohhh thanks for the tag Doc   Last   games played  Dota   Valorant Genshin Impact Human Fall Flat Left   Dead   https   t co gBET cxbK ",,,,,,,,,,,,,,,,,,,,,,,,,,,,,,,,,,,,,
0,"105, bryndota Never ever give up in a game of Dota  Every game is winnable no matter what  ",,,,,,,,,,,,,,,,,,,,,,,,,,,,,,,,,,,,,
0,"106,time for bzm to play dota like he s playing a piano https   t co  JNbDavVrh",,,,,,,,,,,,,,,,,,,,,,,,,,,,,,,,,,,,,
0,"107, caspercadiaN  CSGO  BLASTPremier Valve does not pay attention because dota  better",,,,,,,,,,,,,,,,,,,,,,,,,,,,,,,,,,,,,
0,"108,I am alyssa and anime dota       Casey",,,,,,,,,,,,,,,,,,,,,,,,,,,,,,,,,,,,,
0,"109, GrapeChann Yeah   Thank you for giving birth to those girls  They are funny   Also  I d like playing Dota   too   ",,,,,,,,,,,,,,,,,,,,,,,,,,,,,,,,,,,,,
0,"110,Missed the day s DPC CN  You can always hop on the rerun   EN  https   t co MN gcue Kf CN  https   t co MyXdxLKFU   https   t co ruyHm eMZH",,,,,,,,,,,,,,,,,,,,,,,,,,,,,,,,,,,,,
0,"111,https   t co cfTqcyYKKh  In approximately    minutes  I ll be streaming Dota   with a friend and maybe have a game of Dead by Daylight after    Twitch   Dota    DeadbyDaylight    PCGaming",,,,,,,,,,,,,,,,,,,,,,,,,,,,,,,,,,,,,
0,"112,Anti Mage by a good creeps about ready ",,,,,,,,,,,,,,,,,,,,,,,,,,,,,,,,,,,,,
0,"113,While playing Dota  I realized that one of my enemy is a  a Once too and a Momo stan and the rest of the conversation was indeed wholesome  no trashtalk just positivity  daamn love this familyy",,,,,,,,,,,,,,,,,,,,,,,,,,,,,,,,,,,,,
0,"114,Our first Dota   match in      begins     Playing against Team Empire       https   t co n RMI gX      https   t co toluXxnx c   Dota   DPCEEU  GOGOVP https   t co bstRkS YuN",,,,,,,,,,,,,,,,,,,,,,,,,,,,,,,,,,,,,
0,"115,   hour megamix of robot teens from the breakdown on how his team is losing the dota game while he is currently playing the dota game and his team is losing the dota game dota game",,,,,,,,,,,,,,,,,,,,,,,,,,,,,,,,,,,,,
0,"116,New trailer for the second season of  DOTA  Dragon s Blood  https   t co TT pfinFOK",,,,,,,,,,,,,,,,,,,,,,,,,,,,,,,,,,,,,
0,"117,Maen dota solo q adalah     wasting time alias the game is safe to leave under    minutes play     teu ecreug teamates teh",,,,,,,,,,,,,,,,,,,,,,,,,,,,,,,,,,,,,
0,"118, GuykatsuFriends They made a Dota show ",,,,,,,,,,,,,,,,,,,,,,,,,,,,,,,,,,,,,
0,"119, dota   Team Empire  vs  VirtusPro   DPC EEU         Tour    Division I   starting soon   Stream RU  https   t co a wslQZ  m Stream ENG  https   t co  De caLhd  Tournament overview  https   t co rPRzHKUU o https   t co HzOdCIPwxV",,,,,,,,,,,,,,,,,,,,,,,,,,,,,,,,,,,,,
0,"120,Check out our miracle run in the playoffs of Huya Dota  Winter Invitational      where we took on top caliber teams and were crowned champions   Watch the full video here   https   t co mEsZn sOzJ   NeonAscend  LogitechG  Dota  https   t co vIT Z jVaD",,,,,,,,,,,,,,,,,,,,,,,,,,,,,,,,,,,,,
0,"121,The Dota   Pro Circuit is going hard this weekend   Don t forget to make your picks  https   t co LpYZj id k   DPC  Dota   esports  betting  bettingtips https   t co bXvo nu Hk",,,,,,,,,,,,,,,,,,,,,,,,,,,,,,,,,,,,,
0,"122,  xAirwaves  gt they don t know about dota",,,,,,,,,,,,,,,,,,,,,,,,,,,,,,,,,,,,,
0,"123,https   t co yxPbpD BHY vs Team Empire  Match Prediction            Dota    DPC      Season    CIS   Upper Division  https   t co yxPbpD BHY will win  Team Empire will play against https   t co TzO vMlxpp as part of the EPIC Esports DPC CI     https   t co NfPHtWXOwa",,,,,,,,,,,,,,,,,,,,,,,,,,,,,,,,,,,,,
0,"124,Explain to me why I was showing Dota   to Pat Sajak in my dream ",,,,,,,,,,,,,,,,,,,,,,,,,,,,,,,,,,,,,
0,"125,I m now streaming on Twitch  Playing Dota   https   t co Axxr XFf  ",,,,,,,,,,,,,,,,,,,,,,,,,,,,,,,,,,,,,
0,"126,TOPSON vs ANA with His Signature Pugna   STREAM with FACECAM https   t co UmlakAkLtt     YouTube    dota  dota ",,,,,,,,,,,,,,,,,,,,,,,,,,,,,,,,,,,,,
0,"127,TI  is already my favorite TI  because it s the first TI with  ODPixel who is honestly the GOAT Dota commentator",,,,,,,,,,,,,,,,,,,,,,,,,,,,,,,,,,,,,
0,"128,DOTA   amp amp  NAVI mousepad  Need custom   Cp   Bandar mousepad             https   t co uc N CO  y   mousepad",,,,,,,,,,,,,,,,,,,,,,,,,,,,,,,,,,,,,
0,"129, ExC WR  EraserxRain   Slatt          GurvirShinda  ykotaJ  Erinacchu Lmao  are you the  delusional  here   Dota   is a god damn PC game and is the currently top according to prizes PUBGM is down to     The     M are to be distributed among all the tournements during the year  Dota   Int is    M ALONE I m done  infos your provide are random lol ",,,,,,,,,,,,,,,,,,,,,,,,,,,,,,,,,,,,,
0,"130,QH Sports Dota Series   shines the spotlight on upcoming Asian talent   https   t co cxJDPy tMg https   t co YpG zOECSc",,,,,,,,,,,,,,,,,,,,,,,,,,,,,,,,,,,,,
0,"131,Nemiga Gaming vs V Gaming  Match Prediction            Dota    DPC      Season    CIS   Lower Division  V Gaming will win  Nemiga Gaming   V Gaming  prediction for the second division match DPC        Eastern Europe  https   t co  duKBHT Go",,,,,,,,,,,,,,,,,,,,,,,,,,,,,,,,,,,,,
0,"132, binkzxd You came a long way man  from making dank Dota   memes to becoming a streamer   really grateful to have seen it unfold   bumz",,,,,,,,,,,,,,,,,,,,,,,,,,,,,,,,,,,,,
0,"133,  xdazai I played dota before league and have stayed loyal  just feels more interesting to me",,,,,,,,,,,,,,,,,,,,,,,,,,,,,,,,,,,,,
0,"134, sabbane anas  EraserxRain   Slatt          GurvirShinda  ykotaJ  Erinacchu Prize Pool  Okay  we talking about that now                dedicated by PUBGM to their Esports  Now  you might bring up DOTA  something you don t even watch ",,,,,,,,,,,,,,,,,,,,,,,,,,,,,,,,,,,,,
0,"135, mahdijohny Cheghad man overthink kardam sare in dota  ",,,,,,,,,,,,,,,,,,,,,,,,,,,,,,,,,,,,,
0,"136,TEAM SPIRIT vs AS Monaco Gambit   DPC      WINTER TOUR EEU Dota   Highlights https   t co G mtAbPLNT",,,,,,,,,,,,,,,,,,,,,,,,,,,,,,,,,,,,,
0,"137,I love Hikari so much when I made my Garena acc  a long time ago  I named it  hikarihanazono   There were ppl who recognized the name  Oh it s from that anime Special A right  whenever we play  dota    and I felt so happy  Good fckn times man  ",,,,,,,,,,,,,,,,,,,,,,,,,,,,,,,,,,,,,
0,"138,Dota   x Hape  My favorite game  Sea x Gaming Family represent   HAPEBEASTGANG https   t co NrcTJhnLIe",,,,,,,,,,,,,,,,,,,,,,,,,,,,,,,,,,,,,
0,"139,That s a heck of a reason to pick Spirit Breaker   VROOM  VROOM      Esports  Dota  https   t co JKGLymQc Z",,,,,,,,,,,,,,,,,,,,,,,,,,,,,,,,,,,,,
0,"140,JESSLYN DOTA PLAYER IS BACK https   t co Kx N yXyon",,,,,,,,,,,,,,,,,,,,,,,,,,,,,,,,,,,,,
0,"141,I am that guy over there and i hate dota       Casey",,,,,,,,,,,,,,,,,,,,,,,,,,,,,,,,,,,,,
0,"142, nyankopunpun hello sir  Im interested to be a scholar  Gamer here since dota days ",,,,,,,,,,,,,,,,,,,,,,,,,,,,,,,,,,,,,
0,"143,https   t co yxPbpD BHY vs Team Empire  Match Prediction            Dota    DPC      Season    CIS   Upper Division       https   t co yxPbpD BHY  will win  https   t co yxPbpD BHY vs Team Empire  prediction for the match     https   t co SnAnBuU eo",,,,,,,,,,,,,,,,,,,,,,,,,,,,,,,,,,,,,
0,"144, TheRealMurban  LunaOi VN Another whitoid  lmao ",,,,,,,,,,,,,,,,,,,,,,,,,,,,,,,,,,,,,
0,"145, Markus      redmenace      LunaOi VN Its funny how his fanbase is      privillaged whites  lmao ",,,,,,,,,,,,,,,,,,,,,,,,,,,,,,,,,,,,,
0,"146,Srf and J leave Xtreme Gaming https   t co YtZDLys Ii  They will be replaced by old eLeVeN and lou   Dota   Esports https   t co p sQaPYYP ",,,,,,,,,,,,,,,,,,,,,,,,,,,,,,,,,,,,,
0,"147,Srf and J leave Xtreme Gaming  They will be replaced by old eLeVeN and lou   Dota   Esports  https   t co cIMRvW zCI",,,,,,,,,,,,,,,,,,,,,,,,,,,,,,,,,,,,,
0,"148,DPC CN  PWRD DOTA  is underway     BETNOW   https   t co BaGeWdolPu  WATCHNOW   Tune into DPC CN at the locations below   CN  https   t co EAjsXS grJ EN  https   t co zJQ cntzh  RU  https   t co M EJYZxTZg ES  https   t co mVEotcdfwP PT  https   t co ulFhUSSGDb   GOGAWI  Esports https   t co w KdZYpmot",,,,,,,,,,,,,,,,,,,,,,,,,,,,,,,,,,,,,
0,"149,ME  I d will tell every lane so I afk at the most defining quality is sitll king  and uh  apm ah  i don t like a picture",,,,,,,,,,,,,,,,,,,,,,,,,,,,,,,,,,,,,
0,"0,I am stop dota   weeb robbie     Casey",,,,,,,,,,,,,,,,,,,,,,,,,,,,,,,,,,,,,
0,"1,God damn  Only at dota team down and between the bounty hunter hero  Tinker  ME  Ursa is trying to the specators flame as",,,,,,,,,,,,,,,,,,,,,,,,,,,,,,,,,,,,,
0,"2, P ENewsOfficial But the good news if Axieinfinity will not depend anymore in bitcoin and ethereum  by there own network and block chain Ronin   RON will beat BTC and ETH in the future  with Triple A games like Diablo Nft and Dota Nft  under Sky Mavis Games ",,,,,,,,,,,,,,,,,,,,,,,,,,,,,,,,,,,,,
0,"3, LandsharkRides did u ever try dota  ",,,,,,,,,,,,,,,,,,,,,,,,,,,,,,,,,,,,,
0,"4, TeamSMG VS  OBesportsxN onEsports    DOTA   prediction  https   t co hFZdq emzF After a major upset against T       ",,,,,,,,,,,,,,,,,,,,,,,,,,,,,,,,,,,,,
0,"5,Other Files Photographs Valve Tours Dota   Reddit Community Tour         jpg Found in folder  https   t co DMAKQRQeMK https   t co y Sg UoCIt",,,,,,,,,,,,,,,,,,,,,,,,,,,,,,,,,,,,,
0,"6,Dota is for strong lads  we know where the weaks are  Even herald got it s own stupid pride",,,,,,,,,,,,,,,,,,,,,,,,,,,,,,,,,,,,,
0,"7,dota girl SLAYYYY    BNSJEJEvility    ",,,,,,,,,,,,,,,,,,,,,,,,,,,,,,,,,,,,,
0,"8,I am not and dota   bopper     Casey",,,,,,,,,,,,,,,,,,,,,,,,,,,,,,,,,,,,,
0,"9, JoeHickson  Congratulations Joe  You ve been an amazing addition to the Yogs both in front and behind the camera  Looking forward to what else you bring and of course more scrub Dota  ",,,,,,,,,,,,,,,,,,,,,,,,,,,,,,,,,,,,,
0,"10,GOOOOW DOTA GIRL    ",,,,,,,,,,,,,,,,,,,,,,,,,,,,,,,,,,,,,
0,"11, CalebDMTG I play Dota with my friends who are almost all more experienced than me  so this is my main mode of interacting with the game  It s definitely a good way to learn      I would like to win my lane a little more often though    ",,,,,,,,,,,,,,,,,,,,,,,,,,,,,,,,,,,,,
0,"12,I ll never have but the first time I saw it I loved it  Ogre Jakiro   dota   illustration  fantasy  art https   t co ep   C  EL",,,,,,,,,,,,,,,,,,,,,,,,,,,,,,,,,,,,,
0,"13,    Logo done  streamer  smallstreamer  twitch  discord  gaming  youtube  pubg  dota   counterstrike  animation  worldofwarcraft  twitchsmallstreamers  twitchaffilate  naruto  callofduty  logo  logodesigner  pok mon  apexlegends  leagueoflegends  rocketleague  minecraft  dota https   t co iWMBRrfVKG",,,,,,,,,,,,,,,,,,,,,,,,,,,,,,,,,,,,,
0,"14, TNCPredator VS  BOOMEsports    DOTA   prediction  https   t co FbjJNlQZPD TNC Predator has yet to put a strong    ",,,,,,,,,,,,,,,,,,,,,,,,,,,,,,,,,,,,,
0,"15,DOTA  Dragon s Blood Book   delayed  but here s when it comes out https   t co UH YW JRHX",,,,,,,,,,,,,,,,,,,,,,,,,,,,,,,,,,,,,
0,"16, Nerdrotics  HAWTToys  there is hope https   t co Q qTy WjFg",,,,,,,,,,,,,,,,,,,,,,,,,,,,,,,,,,,,,
0,"17, actualaids  Imagine rating league higher then Dota though",,,,,,,,,,,,,,,,,,,,,,,,,,,,,,,,,,,,,
0,"18,  NatTea How now Dota is filled with models ",,,,,,,,,,,,,,,,,,,,,,,,,,,,,,,,,,,,,
0,"19,Try not to Rage    DOTA   Edition     Affiliate  MOBA  DOTA   Smallstreamers  Twitch",,,,,,,,,,,,,,,,,,,,,,,,,,,,,,,,,,,,,
0,"20, XSan    U should try Dota",,,,,,,,,,,,,,,,,,,,,,,,,,,,,,,,,,,,,
0,"21,dota    valo    eat    sleep    ",,,,,,,,,,,,,,,,,,,,,,,,,,,,,,,,,,,,,
0,"22,    th Grim Max Play   Dota     Nemiga ML vs V Gaming           u max  been unlucky with dota  lately with these chokes and bs  so bol to us if you re tailing    live in less than an hr  GamblingTwitter https   t co kzRnf fZ a",,,,,,,,,,,,,,,,,,,,,,,,,,,,,,,,,,,,,
0,"23,Wanna rank with actual humans instead of bots    We picked out some Dota gamepals from our platform for you to game with      Junejun     itstheLzy     Bambi   Piggy  Head to https   t co B  Hyoc  N to check out their profiles and see which of them suits your laning style  https   t co BtS HBpnh ",,,,,,,,,,,,,,,,,,,,,,,,,,,,,,,,,,,,,
0,"24, TeaGuvnor At least you make money from dota xDD clown",,,,,,,,,,,,,,,,,,,,,,,,,,,,,,,,,,,,,
0,"25,Not gonna lie    Just Dance is the most sweaty game    Its even more sweaty that Apex  Valo  LOL and DOTA combined   ",,,,,,,,,,,,,,,,,,,,,,,,,,,,,,,,,,,,,
0,"26,If he doesn t comment  then  https   t co kyvBGWmY P   gaming  news  gamer  australia  gamers  love  esports  sydney  gta   blogger  csgo  blog  pubg  movies  overwatch  photography  pcgamer  trailer  dota   trailers https   t co  NZVNNvQ F",,,,,,,,,,,,,,,,,,,,,,,,,,,,,,,,,,,,,
0,"27, budd E I hate dota   btw",,,,,,,,,,,,,,,,,,,,,,,,,,,,,,,,,,,,,
0,"28, budd E Dota         hours",,,,,,,,,,,,,,,,,,,,,,,,,,,,,,,,,,,,,
0,"29,I stream on  Twitch to meet and talk with people who love games and Dota  Subs don t matter  but viewers  amp  chatters do      Some  DOTA  games   Some singleplayer games   Have some new guide changes to announce      p   FPS   https   t co  dtR tqaXe  https   t co  dtR tqaXe",,,,,,,,,,,,,,,,,,,,,,,,,,,,,,,,,,,,,
0,"30,is dota   a real game",,,,,,,,,,,,,,,,,,,,,,,,,,,,,,,,,,,,,
0,"31, LShinyang  G Dezignful  slimsquid Plus     to     second response time for human reflexes for a player on mouse vs   second for a CPU to talk to itself for aim assist tracking  Shroud measured his response time at     milliseconds one day  That s over     of a second  Perspective  That s like a mini stun in DotA ",,,,,,,,,,,,,,,,,,,,,,,,,,,,,,,,,,,,,
0,"32,I am them and dota   dota       Casey",,,,,,,,,,,,,,,,,,,,,,,,,,,,,,,,,,,,,
0,"33,Farm Status by trash bags  arbitrarily sorting the two entirely immeasurable concepts  silenced ",,,,,,,,,,,,,,,,,,,,,,,,,,,,,,,,,,,,,
0,"34,  xtoki  u can theory craft more on dota  league has faster games tho",,,,,,,,,,,,,,,,,,,,,,,,,,,,,,,,,,,,,
0,"35,DPC         Season    HellRaisers and Team Spirit continue their victorious march and other results of the past days https   t co iWQWflX nj  Let s see what was the memory of yesterday s gaming day in the first DPC cycle   Dota   Esports https   t co NSkey eTwX",,,,,,,,,,,,,,,,,,,,,,,,,,,,,,,,,,,,,
0,"36,DPC         Season    HellRaisers and Team Spirit continue their victorious march and other results of the past days  Let s see what was the memory of yesterday s gaming day in the first DPC cycle   Dota   Esports  https   t co Bc VtI iQt",,,,,,,,,,,,,,,,,,,,,,,,,,,,,,,,,,,,,
0,"37, dota   FirecudaSSD  SeagateGaming  Team Empire     VirtusPro   DPC EEU         Tour    Division I  Tournament overview  https   t co  iWHxz IfE https   t co OG qMIVElo",,,,,,,,,,,,,,,,,,,,,,,,,,,,,,,,,,,,,
0,"38, dota   FirecudaSSD  Stats of the second game https   t co  bseNwZVZp",,,,,,,,,,,,,,,,,,,,,,,,,,,,,,,,,,,,,
0,"39,Imma cry    Yea  it s just the first rank  But I ve only been playing a very short amount of time and there are people who play for literal decades and never make it out of Herald rank    And my Dota has been CLEAN https   t co yEJRuyQqSp",,,,,,,,,,,,,,,,,,,,,,,,,,,,,,,,,,,,,
0,"40, yammy xox What happened to Dota  You sicken me  ",,,,,,,,,,,,,,,,,,,,,,,,,,,,,,,,,,,,,
0,"41, GreatNairobien Ni back lakini Inkaa front this is a mumbis dota",,,,,,,,,,,,,,,,,,,,,,,,,,,,,,,,,,,,,
0,"42,There can never be too much sacrifice   Elder Titan Dota",,,,,,,,,,,,,,,,,,,,,,,,,,,,,,,,,,,,,
0,"43,I am not dota   i am dingo     Casey",,,,,,,,,,,,,,,,,,,,,,,,,,,,,,,,,,,,,
0,"44, subtynderrfess Tahan game berat g  Main dota  dead by daylight  valorant ",,,,,,,,,,,,,,,,,,,,,,,,,,,,,,,,,,,,,
0,"45,    Our first match of this year turns into a victory over Team Empire    Dota   DPCEEU  GOGOVP https   t co  ngnn Iip ",,,,,,,,,,,,,,,,,,,,,,,,,,,,,,,,,,,,,
0,"46, MWinklerBooks Anywhere from     months depending on how dense it is and how fast you re trying to get it done lol  I ve done a few longer ones in one month  but the most common was   for full length novels  Also I did like how you did it for DOTA of that helps ",,,,,,,,,,,,,,,,,,,,,,,,,,,,,,,,,,,,,
0,"47,Steelseries DOTA   amp amp  NAVI  Need custom   Cp   Bandar mousepad             https   t co  mZ VncmnQ   mousepad",,,,,,,,,,,,,,,,,,,,,,,,,,,,,,,,,,,,,
0,"48, SuperPOG  You can take the man out of dota  but you can t take the Dota out of the man  ogesports  anadota  ",,,,,,,,,,,,,,,,,,,,,,,,,,,,,,,,,,,,,
0,"49,mik   if you play apex  ovw  valorant  dota you re instantly below a     oh  i play all of them LMFAO",,,,,,,,,,,,,,,,,,,,,,,,,,,,,,,,,,,,,
0,"50, DESTROY IT WITH FIRE    https   t co hMMF  WmuE  No more chance of the mistake   COOLGUYS will face Hydra today  The winner of this battle will move forward  The loser will be eliminated from D CL     coolguysgg        HYDRA        dota   Esports  GoGoCoolguys https   t co NKCPJLJsLW",,,,,,,,,,,,,,,,,,,,,,,,,,,,,,,,,,,,,
0,"51,DOTA  Davion and Princess Mirana are ready to return in Book Two https   t co ZGmdAw EJG",,,,,,,,,,,,,,,,,,,,,,,,,,,,,,,,,,,,,
0,"52,D CL playoff match between NaVi and CIS Rejects postponed https   t co lVuDYHEsZR  The CIS derby for reaching the final of the upper bracket will take place tomorrow   Dota   Esports https   t co h nSmtAaXE",,,,,,,,,,,,,,,,,,,,,,,,,,,,,,,,,,,,,
0,"53,D CL playoff match between NaVi and CIS Rejects postponed  The CIS derby for reaching the final of the upper bracket will take place tomorrow   Dota   Esports  https   t co IiZQCWHJcI",,,,,,,,,,,,,,,,,,,,,,,,,,,,,,,,,,,,,
0,"54, Revedge  Dota   Tidehunter  VideoGames  Games  It is great when you are a huge Tidehunter   See new videos on YouTube  https   t co YjIcREkjZM https   t co wbBtFbReTT",,,,,,,,,,,,,,,,,,,,,,,,,,,,,,,,,,,,,
0,"55,I think I ve experienced peak dota  in which my game crashes for   minutes  reconnect only to have a teammate tell me that I should have stayed AFK to then carrying the entire game with my cool presence",,,,,,,,,,,,,,,,,,,,,,,,,,,,,,,,,,,,,
0,"56,dota isnt game  dota so inspired to be toxic in rl https   t co sWMVKKOXC ",,,,,,,,,,,,,,,,,,,,,,,,,,,,,,,,,,,,,
0,"57,Have Q amp A up on Instagram if you want to ask something about production  Dota or tech in general    https   t co of U IheSr",,,,,,,,,,,,,,,,,,,,,,,,,,,,,,,,,,,,,
0,"58, Valherjar  Kill rMan ac  SMITEGame  HiRezStudios Not only thst but smite doesn t make enough money like LoL or Dota  ",,,,,,,,,,,,,,,,,,,,,,,,,,,,,,,,,,,,,
0,"59, dota   Drafts for the second game  Stream RU  https   t co s iyUtb jp Stream ENG  https   t co  Ld ruNZu  https   t co f zOWzo hI",,,,,,,,,,,,,,,,,,,,,,,,,,,,,,,,,,,,,
0,"60, bryndota  forthecubs Breaking  dataminers unveil new Dota   hero  the Puppetmaster",,,,,,,,,,,,,,,,,,,,,,,,,,,,,,,,,,,,,
0,"61,Dota   Champions League Season    Brame leave the tournament in  th  th place  Entities move on   Dota   Esports  https   t co  FYFHTQssi",,,,,,,,,,,,,,,,,,,,,,,,,,,,,,,,,,,,,
0,"62,What do you think of this look  https   t co ommIFBPqrG   gaming  news  gamer  australia  gamers  love  esports  sydney  gta   blogger  csgo  blog  pubg  movies  overwatch  photography  pcgamer  trailer  dota   trailers https   t co C D nztXef",,,,,,,,,,,,,,,,,,,,,,,,,,,,,,,,,,,,,
0,"63,Nice trivia questions  DOTA    dota   Gaben https   t co Tyh QuRZKp",,,,,,,,,,,,,,,,,,,,,,,,,,,,,,,,,,,,,
0,"64,Dota   Champions League Season    Brame leave the tournament in  th  th place https   t co qpCrVyEWwZ  Entities move on   Dota   Esports https   t co cAB  o  ti",,,,,,,,,,,,,,,,,,,,,,,,,,,,,,,,,,,,,
0,"65, CrazyMadNoob  valvesoftware  DOTA   wykrhm actually Valve makes u spend more money on Dota buying battlepass   dota  and other things and u get nothing from Valve especially if u report a smurf youll never get a notification that he got banned",,,,,,,,,,,,,,,,,,,,,,,,,,,,,,,,,,,,,
0,"66,IN ICE AND A Game Where the enemy mid than pudge players my  Out of hack to last    minutes so much like winning games  to",,,,,,,,,,,,,,,,,,,,,,,,,,,,,,,,,,,,,
0,"67,   Dota     Top streams a las        Hora ESP        DEsports Viewers        GKiev Viewers        Alebellame Viewers       krugue gg Viewers       darcknezero Viewers       chalomoreno Viewers      Twitch  Streamers  Dota ",,,,,,,,,,,,,,,,,,,,,,,,,,,,,,,,,,,,,
0,"68, caspercadiaN  CSGO  BLASTPremier valve never looks into csgo  there s this one poor guy on the minimal pay doing all of the patches  the rest is assigned to dota",,,,,,,,,,,,,,,,,,,,,,,,,,,,,,,,,,,,,
0,"69,Ergon will replace Iceberg in the match against https   t co PGkPOUbVDx https   t co ewRbw   xL  The central position in Team Empire is not calm again   Dota   Esports https   t co  SKS uSIwu",,,,,,,,,,,,,,,,,,,,,,,,,,,,,,,,,,,,,
0,"70,Ergon will replace Iceberg in the match against https   t co   Am VsB    The central position in Team Empire is not calm again   Dota   Esports  https   t co zmkpFjOit ",,,,,,,,,,,,,,,,,,,,,,,,,,,,,,,,,,,,,
0,"71,I miss Dota     ",,,,,,,,,,,,,,,,,,,,,,,,,,,,,,,,,,,,,
0,"72, xmaddiemoonx I ve not played dota   in almost    years but I miss the broken english allchat flame so much  it just doesnt hit the same in other games",,,,,,,,,,,,,,,,,,,,,,,,,,,,,,,,,,,,,
0,"73, redditdota   DOTA  And we all know what Lion is actually wishing him all the good  this is just how we dota people communicate ",,,,,,,,,,,,,,,,,,,,,,,,,,,,,,,,,,,,,
0,"74, dota   FirecudaSSD  Stats of the first game https   t co opHyMB  bH",,,,,,,,,,,,,,,,,,,,,,,,,,,,,,,,,,,,,
0,"75, MaxTutelage  RichardHanania They dont  People do look better in suits than in t shirts with spartan helmets ",,,,,,,,,,,,,,,,,,,,,,,,,,,,,,,,,,,,,
0,"76,The schedule for the final two weeks of DPC CN is available now  Who will come out on top  and which matchups are you most looking forward to   https   t co ruyHm eMZH https   t co KDKOxyO ah",,,,,,,,,,,,,,,,,,,,,,,,,,,,,,,,,,,,,
0,"77,flame in dota   is insane https   t co g hVpEYvvP",,,,,,,,,,,,,,,,,,,,,,,,,,,,,,,,,,,,,
0,"78, Tinkzorg Can t wait for CoH  to basically be dota because nobody in the industry can make an rts anymore",,,,,,,,,,,,,,,,,,,,,,,,,,,,,,,,,,,,,
0,"79, StudioMir      YuriLowenthal  larapulver  TonyTodd    TroyBakerVA  KariWahlgren  AlixWiltonRegan  thejbblanc  NetflixGeeked  DOTA  Guys I love that Terrorblade s emoji is kind of an angry  purple cat ",,,,,,,,,,,,,,,,,,,,,,,,,,,,,,,,,,,,,
0,"80, LongoLife  Lol baba game tbh  mein post ist nur ein uralter dota joke wegen der  deny  mechanic in dem game",,,,,,,,,,,,,,,,,,,,,,,,,,,,,,,,,,,,,
0,"81,I have so many cool games to play  yet I keep wasting my time with  dota  https   t co hbCUHPU QR",,,,,,,,,,,,,,,,,,,,,,,,,,,,,,,,,,,,,
0,"82, tatatatyler  neveesque  dip n dotson  Tyler Dota   ChilcuttCaleb We make it easy to ignore the truth  Pretty sure that s what the church has been conditioning you to do since you were born   ",,,,,,,,,,,,,,,,,,,,,,,,,,,,,,,,,,,,,
0,"83,  Top juegos a las        Hora ESP      League of Legends Viewers            Escape from Tarkov Viewers            Just Chatting Viewers             Dota   Viewers            Apex Legends Viewers           Twitch  Streamers  LeagueofLegends  EscapefromTarkov",,,,,,,,,,,,,,,,,,,,,,,,,,,,,,,,,,,,,
0,"84,Without any trouble we take the first map against Empire    Waiting for the next one      https   t co n RMI gX      https   t co toluXxnx c   Dota   DPCEEU  GOGOVP https   t co mx txkoSyD",,,,,,,,,,,,,,,,,,,,,,,,,,,,,,,,,,,,,
0,3Lol that other T couldn t join the other T s who advanced to the next phase  It s going to be a very tough week for her  Karma     BBMzansi,,,,,,,,,,,,,,,,,,,,,,,,,,,,,,,,,,,,,
0,3 SevaUT New  Russian b gone  Our new super bug will say see ya brah to those that say cyka blyat   Property of USGov t and Ukraine  Trademark Pending ,,,,,,,,,,,,,,,,,,,,,,,,,,,,,,,,,,,,,
0,3 brokenboi     Russia  roscosmos  russiabeyond  SPACEdotcom  SpaceNews Inc  spacetravelrmag  sovietvisuals  PicturesUssr  RussCultureClub  SpaceUpSkoltech  DaniilMedwed Don t care russian supporter  cyka blyat,,,,,,,,,,,,,,,,,,,,,,,,,,,,,,,,,,,,,
0,3 elonmusk Cyka blyat  What this gopnik making here,,,,,,,,,,,,,,,,,,,,,,,,,,,,,,,,,,,,,
0,3 MariusChin  Tazerface   Marius  Theo  Cyka    I know something that you don t know ,,,,,,,,,,,,,,,,,,,,,,,,,,,,,,,,,,,,,
0,3 elonmusk capitalists  this banana republic is ours fuck the EU petty bourgeoisie  i dare you to fight me irl bro  cyka blyat,,,,,,,,,,,,,,,,,,,,,,,,,,,,,,,,,,,,,
0,4      ukraine  what you mean sergei  davai  you must have hit vodka hard last night  it is    of august  year       you are in torpedo room of kursk submarine  ahh cyka    we are going to be late for naval exercise  load the dummy missiles quickly,,,,,,,,,,,,,,,,,,,,,,,,,,,,,,,,,,,,,
0,4 heraskevych Isinayeva has always been a cyka zaraza ,,,,,,,,,,,,,,,,,,,,,,,,,,,,,,,,,,,,,
0,4 UAWeapons Welcome to Ukraine cyka    ,,,,,,,,,,,,,,,,,,,,,,,,,,,,,,,,,,,,,
0,4 PunishedTaifa Russians  surrender cyka blyat Me  Ya yedit yaploki  I eat apples ,,,,,,,,,,,,,,,,,,,,,,,,,,,,,,,,,,,,,
0,4 EmbassyofRussia  mfa russia  PMSimferopol  MID Kaliningrad  RusEmbUSA  mahasharampedi  BehindthenewsR  RusEmbJakarta  SABCNews  RussiaInsider  Geostrat ME Best not to preach values while u murder babies  Moskal cyka blyat https   t co bV   Y lOz,,,,,,,,,,,,,,,,,,,,,,,,,,,,,,,,,,,,,
0,4Not Cyka but Scheisse,,,,,,,,,,,,,,,,,,,,,,,,,,,,,,,,,,,,,
0,4its very cyka blyat ,,,,,,,,,,,,,,,,,,,,,,,,,,,,,,,,,,,,,
0,4i am on my last mona commission for a month like i am literally meeting mona the next time i get a commission but INSTEAD i get that hilichurl girl that says cyka blyat GIRL WHERE ARE TOU PARENTSSSSSS,,,,,,,,,,,,,,,,,,,,,,,,,,,,,,,,,,,,,
0,4Found on YouTube   YTPMV  Bronies React  Cyka Blyat  ft  Saberspark and Solrac Yaplap  https   t co dY n WKwdV,,,,,,,,,,,,,,,,,,,,,,,,,,,,,,,,,,,,,
0,4 maririaniyani Not a river of tears but Violet Evergarden and plastic memories,,,,,,,,,,,,,,,,,,,,,,,,,,,,,,,,,,,,,
0, I love thi game
0, game graphics is eye catching
0, Game level is really enjoyable
0, Good Pixel and very beautiful tool
0, you are free so come online and play with me